<odoo>
    <data>

          <!-- ETIQUETA -->
          <record id="etiqueta_futurismo" model="museum.etiquetas">
              <field name="name">futurismo</field>
          </record>

          <!-- ETIQUETA -->
          <record id="etiqueta_arte_cinetico" model="museum.etiquetas">
              <field name="name">arte cinético</field>
          </record>

          <!-- MOVIMIENTO -->
          <record id="movimiento_futurismo" model="museum.movimiento">
              <field name="name">Futurismo</field>
              <field name="descripcion">El Futurismo fue un movimiento artístico y social que surgió en Italia a principios del siglo XX.</field>
              <field name="siglo">XX</field>
              <field name="pais_origen">Italia</field>
              <field name="etiquetas" eval="[(6, 0, [ref('etiqueta_futurismo')])]"/>
          </record>

          <!-- AUTOR -->
          <record id="autor_umberto_boccioni" model="museum.autor">
              <field name="name">Umberto Boccioni</field>
              <field name="fecha_nacimiento">1882-10-19</field>
              <field name="nacionalidad">Italiano</field>
              <field name="movimientos" eval="[(6, 0, [ref('movimiento_futurismo')])]"/>
              <field name="imagen_autor" type="base64" file="museum/static/img/Umberto_Boccioni.jpg"/>
              <field name="etiquetas" eval="[(6, 0, [ref('etiqueta_futurismo')])]"/>
          </record>

          <!-- OBRA -->
          <record id="obra_dinamismo_ciclista" model="museum.obra">
              <field name="name">Dinamismo de un Ciclista</field>
              <field name="tamano">70 cm × 95 cm</field>
              <field name="ano_publicacion" eval="1913"/>
              <field name="descripcion">Dinamismo de un Ciclista es una obra emblemática del Futurismo, creada por Umberto Boccioni.</field>
              <field name="autor" ref="autor_umberto_boccioni"/>
              <field name="movimiento" ref="movimiento_futurismo"/>
              <field name="imagen_obra" type="base64" file="museum/static/img/obra_futurista.jpg"/>
              <field name="etiquetas" eval="[(6, 0, [ref('etiqueta_futurismo')])]"/>
          </record>

          <!-- EXPOSICIÓN -->
          <record id="exposicion_futurismo" model="museum.exposicion">
              <field name="name">Exposición de Futurismo</field>
              <field name="fecha">2024-05-01</field>
              <field name="descripcion">Una exposición que destaca la esencia y la evolución del movimiento futurista.</field>
              <field name="autor" ref="autor_umberto_boccioni"/>
              <field name="obras_exposicion" eval="[(6, 0, [ref('obra_dinamismo_ciclista')])]"/>
              <field name="etiquetas" eval="[(6, 0, [ref('etiqueta_futurismo')])]"/>
          </record>



          <!-- MOVIMIENTO -->
          <record id="movimiento_arte_cinetico" model="museum.movimiento">
              <field name="name">Arte Cinético</field>
              <field name="descripcion">El Arte Cinético es un movimiento artístico que utiliza efectos visuales en movimiento y la ilusión óptica.</field>
              <field name="siglo">XX</field>
              <field name="pais_origen">Internacional</field>
              <field name="etiquetas" eval="[(6, 0, [ref('etiqueta_arte_cinetico')])]"/>
          </record>

          <!-- AUTOR -->
          <record id="autor_jesus_soto" model="museum.autor">
              <field name="name">Jesús Soto</field>
              <field name="fecha_nacimiento">1923-06-05</field>
              <field name="nacionalidad">Venezolano</field>
              <field name="movimientos" eval="[(6, 0, [ref('movimiento_arte_cinetico')])]"/>
              <field name="imagen_autor" type="base64" file="museum/static/img/Jesus_Rafael_Soto.jpg"/>
              <field name="etiquetas" eval="[(6, 0, [ref('etiqueta_arte_cinetico')])]"/>
          </record>

          <!-- OBRA -->
          <record id="obra_penetrable" model="museum.obra">
              <field name="name">Penetrable</field>
              <field name="tamano">Dimensiones variables</field>
              <field name="ano_publicacion">1990</field>
              <field name="descripcion">Penetrable es una obra representativa del Arte Cinético creada por Jesús Soto.</field>
              <field name="autor" ref="autor_jesus_soto"/>
              <field name="movimiento" ref="movimiento_arte_cinetico"/>
              <field name="imagen_obra" type="base64" file="museum/static/img/obra_cinetica.jpg"/>
              <field name="etiquetas" eval="[(6, 0, [ref('etiqueta_arte_cinetico')])]"/>
          </record>

          <!-- EXPOSICIÓN -->
          <record id="exposicion_arte_cinetico" model="museum.exposicion">
              <field name="name">Exposición de Arte Cinético</field>
              <field name="fecha">2024-06-01</field>
              <field name="descripcion">Una exposición que explora las obras fascinantes del movimiento de Arte Cinético.</field>
              <field name="autor" ref="autor_jesus_soto"/>
              <field name="obras_exposicion" eval="[(6, 0, [ref('obra_penetrable')])]"/>
              <field name="etiquetas" eval="[(6, 0, [ref('etiqueta_arte_cinetico')])]"/>
          </record>

    </data>
</odoo>