id,name,model_id:id,group_id:id,perm_read,perm_write,perm_create,perm_unlink
obra_responsable,obra responsable,model_museum_obra,museum_manager,1,1,1,1
autor_responsable,autor responsable,model_museum_autor,museum_manager,1,1,1,1
exposicion_responsable,exposicion responsable,model_museum_exposicion,museum_manager,1,1,1,1
movimiento_responsable,movimiento responsable,model_museum_movimiento,museum_manager,1,1,1,1
etiquetas_responsable,etiquetas responsable,model_museum_etiquetas,museum_manager,1,1,1,1
obra_usuario,obra usuario,model_museum_obra,museum_user,1,0,0,0
autor_usuario,autor usuario,model_museum_autor,museum_user,1,0,0,0
exposicion_usuario,exposicion usuario,model_museum_exposicion,museum_user,1,0,0,0
movimiento_usuario,movimiento usuario,model_museum_movimiento,museum_user,1,0,0,0
etiquetas_usuario,etiquetas usuario,model_museum_etiquetas,museum_user,1,0,0,0